Date,Time,1LAC03CT105_XQ02.Out.Average,1LAC03CT106_XQ02.Out.Average,1LAC03CT107_XQ02.Out.Average,1LAC03CT108_XQ02.Out.Average,1LAC23CS101_XQ50.Out.Average,1LAC23CS102_XQ50.Out.Average,1MdbfpC_SucFlAct.Out.Average,1LAB23CP101_XQ01.Out.Average,1LAB23CP102_XQ01.Out.Average,1LAC23CT116_XQ02.Out.Average,1LAC23CT117_XQ02.Out.Average,1LAC23CT118_XQ02.Out.Average
04/30/2026,18:01:00,31.0596,30.88651,31.33655,31.4404,0,0,0,5.482306,5.585314,31.95975,31.57889,31.16345
04/30/2026,18:02:00,31.0596,30.88651,31.33655,31.4404,0,0,0,5.482306,5.585314,31.95975,31.57889,31.16345
04/30/2026,18:03:00,31.0596,30.88651,31.33655,31.4404,0,0,0,5.482306,5.585314,31.95975,31.57889,31.16345
04/30/2026,18:04:00,31.0596,30.88651,31.33655,31.4404,0,0,0,5.482306,5.585314,31.95975,31.57889,31.16345
04/30/2026,18:05:00,31.0596,30.88651,31.33655,31.4404,0,0,0,5.482306,5.585314,31.95975,31.57889,31.16345
04/30/2026,18:06:00,31.0596,30.88651,31.53341,31.55849,327.3513,327.6522,69.4251,12.51945,14.26319,31.95975,31.4356,31.16345
04/30/2026,18:07:00,31.0596,30.88651,34.57887,34.24993,970.3765,956.5558,262.4238,28.93635,28.87818,31.95975,30.54056,31.16345
04/30/2026,18:08:00,31.0596,31.89947,35.0083,34.86972,951.3695,938.5682,237.8099,28.59927,28.7549,31.95975,30.54056,31.16345
04/30/2026,18:09:00,31.0596,31.92509,35.0083,34.86972,957.7896,944.9551,215.5076,29.009,29.25663,31.95975,30.54056,31.16345
04/30/2026,18:10:00,31.99375,32.14586,35.60989,34.86972,964.8003,951.9195,192.9652,29.6389,29.82645,31.95975,30.54056,31.16345
04/30/2026,18:11:00,32.16751,33.06803,36.11756,35.69962,973.2001,960.4572,176.8641,30.16985,30.39628,31.95975,30.54056,31.16345
04/30/2026,18:12:00,32.16751,33.06803,36.11756,35.87485,974.8416,962.2428,176.2657,30.16985,30.50176,31.95975,31.22889,31.16345
04/30/2026,18:13:00,32.97382,33.06803,36.24326,35.87485,975.1454,962.3345,176.2534,30.16985,30.50176,31.95975,31.61356,31.16345
04/30/2026,18:14:00,33.20657,33.18474,37.12317,35.87485,975.7969,962.9729,175.8335,30.16985,30.50176,31.95975,31.61356,31.50767
04/30/2026,18:15:00,33.20657,34.14201,37.12317,35.87485,1026.371,1013.099,178.7346,30.78615,31.12842,31.95975,31.61356,32.16748
04/30/2026,18:16:00,33.20657,34.14201,37.12317,35.87485,1088.38,1074.023,181.8494,31.7669,32.01253,32.41965,31.61356,32.16748
04/30/2026,18:17:00,33.20657,34.14201,37.12317,36.18,1144.759,1129.5,184.7049,32.74499,32.82826,32.99869,31.61356,32.16748
04/30/2026,18:18:00,33.51022,34.14201,37.80372,36.91513,1147.396,1132.268,184.7625,32.84807,33.03118,32.99869,32.50061,32.16748
04/30/2026,18:19:00,34.24588,34.14201,38.12915,36.91513,1148.417,1133.37,184.844,32.84807,33.03118,32.99869,32.68704,32.16748
04/30/2026,18:20:00,34.24588,34.77123,38.12915,36.91513,1194.534,1178.878,187.4616,33.43757,33.63818,32.99869,32.68704,32.16748
04/30/2026,18:21:00,34.24588,35.14689,38.12915,36.91513,1267.787,1251.555,191.5102,34.57648,34.98952,32.99869,32.68704,32.16748
04/30/2026,18:22:00,34.24588,35.14689,38.12915,36.91513,1407.591,1389.16,199.4618,37.37254,37.64018,32.99869,32.68704,32.16748
04/30/2026,18:23:00,34.74111,35.14689,38.97757,36.91513,1596.55,1576.554,214.8735,41.18312,41.63719,32.99869,32.68704,32.16748
04/30/2026,18:24:00,35.28555,35.14689,39.13538,36.91513,1775.699,1751.708,258.7588,44.83757,45.0592,32.99869,32.68704,32.5289
04/30/2026,18:25:00,35.28555,35.26008,39.13538,36.91513,1823.943,1799.108,270.6931,45.81506,45.95228,32.99869,32.68704,33.17188
04/30/2026,18:26:00,36.04913,36.18693,39.57913,36.91513,1884.488,1859.751,288.4696,46.68851,46.93585,32.99869,32.68704,33.17188
04/30/2026,18:27:00,36.29092,36.24883,40.17664,37.36943,2027.774,2001.498,336.1602,48.73518,49.15607,33.79504,32.68704,33.17188
04/30/2026,18:28:00,37.09678,37.22721,40.17664,38.02499,2223.658,2191.147,399.1213,52.2742,52.51618,34.00333,33.0085,33.17188
04/30/2026,18:29:00,37.40066,37.22721,40.17664,38.02499,2295.448,2261.157,424.032,53.52946,53.69977,34.00333,33.72623,33.17188
04/30/2026,18:30:00,37.40066,37.91369,40.17664,38.02499,2274.702,2240.731,420.6609,53.31049,53.45929,34.00333,33.72623,33.17188
04/30/2026,18:31:00,37.40066,38.26786,40.80725,38.02499,2254.217,2221.069,411.6237,52.84669,53.09484,34.00333,33.72623,33.73387
04/30/2026,18:32:00,38.03041,38.26786,41.18348,38.76348,2262.156,2228.427,399.8755,53.91246,54.07261,34.00333,33.72623,34.17664
04/30/2026,18:33:00,38.40664,38.26786,41.18348,39.20468,2262.716,2229.394,398.6717,54.2737,54.20321,34.35976,33.72623,34.17664
04/30/2026,18:34:00,38.40664,38.26786,41.18348,39.20468,2268.535,2234.759,384.8583,54.9665,55.20773,35.043,33.72623,34.17664
04/30/2026,18:35:00,38.40664,38.26786,41.18348,39.20468,2317.478,2283.59,402.421,55.74259,56.00331,35.043,34.2028,34.17664
04/30/2026,18:36:00,38.40664,38.42869,41.18348,39.20468,2384.03,2347.476,425.4216,56.85951,57.15102,35.043,34.76566,34.17664
04/30/2026,18:37:00,38.55568,39.27409,42.01559,39.20468,2418.757,2381.622,435.9861,57.45651,57.75312,35.043,34.76566,34.17664
04/30/2026,18:38:00,39.44766,39.27409,42.19068,39.20468,2427.094,2389.755,436.5455,57.80463,57.92474,35.043,34.76566,34.17664
04/30/2026,18:39:00,39.44766,39.27409,42.19068,39.64866,2429.48,2391.966,432.2138,58.10119,58.31731,35.043,34.76566,34.17664
04/30/2026,18:40:00,39.44766,39.27409,42.19068,40.24606,2431.988,2394.554,427.909,58.51769,58.72308,35.043,34.76566,35.19205
04/30/2026,18:41:00,39.44766,39.27409,42.19068,40.24606,2458.41,2420.474,430.9709,59.28608,59.54276,35.043,34.76566,35.21631
04/30/2026,18:42:00,39.44766,39.27409,42.19068,40.24606,2502.654,2463.664,444.2341,60.27814,60.47698,35.043,34.76566,35.21631
04/30/2026,18:43:00,39.44766,39.97841,42.19068,40.24606,2518.831,2479.207,446.953,60.82064,61.00335,35.47191,34.76566,35.21631
04/30/2026,18:44:00,39.44766,40.31547,42.49605,40.24606,2538.463,2498.596,449.0516,61.45712,61.6871,36.04825,34.76566,35.21631
04/30/2026,18:45:00,40.08273,40.31547,43.23291,40.24606,2580.635,2539.749,458.7067,62.57624,62.80289,36.04825,34.76566,35.21631
04/30/2026,18:46:00,40.48904,40.31547,43.23291,41.21084,2609.457,2567.556,462.064,63.59389,63.80695,36.04825,35.27769,35.21631
04/30/2026,18:47:00,40.48904,40.31547,43.23291,41.28757,2618.983,2577.245,453.6324,64.40524,64.65057,36.04825,35.84024,35.21631
04/30/2026,18:48:00,40.48904,40.31547,43.23291,41.28757,2684.237,2640.962,467.1127,66.03044,66.31786,36.04825,35.84024,35.21631
04/30/2026,18:49:00,40.48904,41.22793,43.23291,41.28757,2726.789,2682.066,470.0891,67.64296,67.89602,36.04825,35.84024,35.21631
04/30/2026,18:50:00,40.98564,41.35709,44.06604,41.28757,2776.057,2730.594,472.2194,69.6358,69.88508,36.04825,35.84024,35.2592
04/30/2026,18:51:00,41.496,41.35709,44.24073,42.15904,2840.924,2793.966,477.5042,72.10144,72.48145,36.04825,35.84024,36.22156
04/30/2026,18:52:00,41.58985,41.84629,44.24073,42.36435,2962.569,2911.968,498.8603,76.43626,76.74779,36.04825,35.84024,36.22156
04/30/2026,18:53:00,42.50332,42.50321,44.28441,42.36435,2938.289,2887.872,496.4597,76.00089,76.07252,36.15887,35.84024,36.22156
04/30/2026,18:54:00,42.50332,42.50321,45.24878,42.36435,2839.432,2790.477,466.7509,73.69315,73.74116,37.05387,35.84024,36.22156
04/30/2026,18:55:00,42.50332,42.50321,45.24878,42.36435,2807.44,2760.331,445.889,73.08315,73.3383,37.05387,35.84024,36.22156
04/30/2026,18:56:00,42.50332,42.50321,45.24878,42.36435,2805.51,2758.186,442.807,73.22711,73.49686,37.05387,36.06765,36.22156
04/30/2026,18:57:00,42.50332,42.50321,45.24878,42.36435,2766.657,2720.758,429.2497,72.69566,72.70744,37.05387,36.84573,36.22156
04/30/2026,18:58:00,42.50332,42.50321,45.24878,42.36435,2737.806,2691.933,420.4764,72.12601,72.13638,37.05387,36.84573,36.22156
04/30/2026,18:59:00,42.50332,42.50321,45.24878,42.36435,2685.164,2641.382,400.7469,70.88086,70.98627,37.05387,36.84573,36.22156
04/30/2026,19:00:00,42.50332,42.50321,45.24878,42.36435,2676.58,2632.622,402.2697,70.45541,70.60426,37.05387,36.84573,36.22156
04/30/2026,19:01:00,42.05169,42.1559,45.31835,42.85067,2644.525,2601.334,392.3412,69.61954,69.7379,37.57409,37.01915,37.01915
04/30/2026,19:02:00,42.05169,42.1559,45.31835,42.85067,2641.483,2598.744,395.9416,69.33129,69.37995,37.57409,37.01915,37.01915
04/30/2026,19:03:00,42.05169,42.1559,45.31835,42.85067,2541.265,2499.94,357.2189,67.21063,67.21605,37.57409,37.01915,37.01915
04/30/2026,19:04:00,42.05169,42.1559,46.32632,43.31461,2372.843,2335.504,271.9231,63.78674,63.4995,37.57409,37.01915,37.01915
04/30/2026,19:05:00,42.04197,41.74392,46.08884,43.47019,2254.602,2221.567,285.4103,58.86658,58.7973,37.57409,37.01915,37.01915
04/30/2026,19:06:00,41.00994,41.00991,45.45711,42.54707,2336.009,2301.332,286.7897,60.9967,61.47989,37.57409,37.01915,37.01915
04/30/2026,19:07:00,41.00994,41.00991,46.46593,43.54562,2450.505,2414.274,271.9348,65.21868,66.025,37.57409,37.01915,37.01915
04/30/2026,19:08:00,41.31664,41.3358,47.55226,44.63185,2709.224,2666.138,293.6801,74.75168,75.4323,37.57409,37.01915,37.01915
04/30/2026,19:09:00,42.12115,42.19069,47.9619,45.96974,2850.326,2803.024,319.2948,80.38341,80.79203,37.57409,37.01915,37.01915
04/30/2026,19:10:00,42.12115,42.19069,48.41552,46.08101,2954.947,2904.365,333.7582,84.94824,85.15469,37.57409,37.01915,37.01915
04/30/2026,19:11:00,42.66885,42.72125,49.28441,47.29418,3007.115,2956.708,318.6779,86.97369,87.64149,37.57409,37.01915,37.01915
04/30/2026,19:12:00,43.23285,43.2676,49.61056,48.34469,3139.784,3084.502,338.7989,93.03194,93.28495,37.57409,37.01915,37.01915
04/30/2026,19:13:00,43.69146,43.72621,50.46825,48.34469,3187.854,3131.308,339.5728,95.26993,95.70297,37.57409,37.01915,37.01915
04/30/2026,19:14:00,44.31024,44.34499,50.46825,49.29672,3250.402,3192.578,354.6769,98.02711,98.47722,37.57409,37.01915,37.01915
04/30/2026,19:15:00,44.31024,44.34499,50.66335,49.59909,3302.931,3243.328,355.4507,100.699,101.0362,37.57409,37.01915,37.01915
04/30/2026,19:16:00,44.31893,44.70269,50.78583,49.06701,3371.929,3311.438,414.1437,102.5243,102.9357,37.57409,37.01915,37.01915
04/30/2026,19:17:00,45.35308,45.38784,49.55451,47.03942,3513.371,3449.283,506.6339,105.7706,106.1943,37.57409,37.01915,37.01915
04/30/2026,19:18:00,45.35308,45.7111,48.9713,46.81393,3638.679,3570.514,559.1114,109.5417,109.9071,37.57409,37.01915,37.01915
04/30/2026,19:19:00,46.33625,46.43117,48.9713,46.81393,3717.721,3647.086,575.6956,112.9643,113.3367,37.57409,37.01915,37.01915
04/30/2026,19:20:00,46.36163,46.43117,49.46383,46.81393,3758.321,3685.838,574.1332,115.7817,116.1278,37.57409,37.29727,37.29727
04/30/2026,19:21:00,46.58061,46.99492,50.08519,47.88457,3814.884,3741.183,583.2075,118.6025,118.9969,38.53961,38.02501,38.02501
04/30/2026,19:22:00,47.40521,47.43996,50.08519,47.8923,3881.054,3805.519,599.5345,121.5532,121.9551,38.58019,38.02501,38.02501
04/30/2026,19:23:00,47.40521,47.43996,50.13596,48.1678,3944.964,3867.809,593.6697,125.8428,126.7396,38.58019,38.02501,38.02501
04/30/2026,19:24:00,48.22236,48.28538,52.37045,49.91652,3965.315,3886.026,514.4677,133.2115,133.34,38.58019,38.02501,38.02501
04/30/2026,19:25:00,48.41424,48.48391,52.68423,50.07619,3914.606,3837.027,554.0825,128.1378,127.9083,38.58019,38.02501,38.02501
04/30/2026,19:26:00,48.35197,48.48391,51.00612,48.88063,3731.065,3658.013,610.9206,112.3149,111.6316,38.58019,38.02501,38.02501
04/30/2026,19:27:00,47.37054,47.74297,50.53795,48.20553,3667.474,3597.704,617.5781,107.1254,107.119,38.58019,38.02501,38.02501
04/30/2026,19:28:00,47.37054,47.44008,50.53795,48.20553,3648.645,3579.778,645.5465,103.3959,103.4596,38.58019,38.02501,38.02501
04/30/2026,19:29:00,47.37054,47.44008,49.63946,48.16012,3638.868,3569.912,677.7802,99.99889,100.0276,38.58019,38.02501,38.02501
04/30/2026,19:30:00,47.37054,47.44008,49.4934,47.16171,3632.555,3564.267,712.3048,96.15026,96.2082,38.58019,38.02501,38.02501
04/30/2026,19:31:00,47.37054,47.44008,49.4934,47.16171,3652.312,3583.636,753.9919,92.74173,92.87289,38.58019,38.02501,38.02501
04/30/2026,19:32:00,47.37054,47.44008,49.4934,47.16171,3647.041,3577.96,772.7322,90.3299,90.58324,38.58019,38.02501,38.02501
04/30/2026,19:33:00,47.37054,47.44008,49.4934,47.16171,3642.92,3573.901,783.3712,88.85593,89.06023,38.58019,38.02501,38.02501
04/30/2026,19:34:00,47.37054,47.44008,49.4934,47.16171,3641.022,3572.482,784.9551,88.49309,88.7241,38.58019,38.02501,38.02501
04/30/2026,19:35:00,47.10168,47.12517,49.4934,47.16171,3329.874,3265.932,618.3316,87.1198,87.19473,38.58019,38.02501,38.02501
04/30/2026,19:36:00,45.84002,45.84721,49.87542,47.34544,2939.125,2889.008,344.0677,84.90045,84.98418,38.58019,38.18617,38.02501
04/30/2026,19:37:00,45.84002,45.00551,51.75695,49.38888,2884.951,2836.167,279.0035,83.35101,83.39184,38.58019,39.03123,38.85666
04/30/2026,19:38:00,45.04762,45.00551,51.75695,49.08262,2866.282,2818.023,302.3282,82.52806,82.60408,38.58019,39.03123,39.03123
04/30/2026,19:39:00,44.79693,45.00551,51.41565,48.34481,2850.594,2803.127,301.4412,82.00413,82.15327,38.58019,39.03123,39.03123
04/30/2026,19:40:00,44.79693,45.00551,50.71215,48.34481,2835.208,2787.721,290.6927,81.91412,81.84025,38.58019,39.03123,39.03123
04/30/2026,19:41:00,44.79693,45.00551,50.71215,48.34481,2824.879,2777.607,297.7224,81.53825,81.7047,38.58019,39.03123,39.03123
04/30/2026,19:42:00,44.79693,44.96166,50.71215,48.34481,2812.149,2765.321,309.0438,81.10039,81.27094,38.58019,39.03123,39.03123
04/30/2026,19:43:00,44.79693,43.99746,50.71215,47.39319,2805.7,2758.975,315.0977,80.6222,80.79482,38.58019,39.03123,39.03123
04/30/2026,19:44:00,44.79693,43.99746,50.71215,47.09212,2802.815,2756.02,320.6292,80.50638,80.79249,38.58019,39.03123,39.03123
04/30/2026,19:45:00,44.79693,43.99746,50.71215,47.09212,2798.081,2751.609,326.0969,80.49789,80.53198,38.58019,39.03123,39.03123
04/30/2026,19:46:00,44.24945,43.99746,50.71215,47.09212,2799.579,2752.828,324.1578,80.18588,80.48347,38.58019,39.03123,39.03123
04/30/2026,19:47:00,43.789,43.99746,50.71215,47.09212,2786.853,2740.302,295.1953,80.18588,80.19687,38.58019,39.03123,39.03123
04/30/2026,19:48:00,43.789,43.99746,50.71215,47.09212,2778.667,2732.414,288.6851,79.9992,80.10578,38.58019,39.03123,39.03123
04/30/2026,19:49:00,43.789,43.99746,50.71215,47.09212,2781.588,2735.265,289.594,79.83109,80.10578,38.58019,39.03123,39.03123
04/30/2026,19:50:00,43.789,43.99746,50.69992,47.09212,2773.767,2728.038,298.7134,79.61063,79.78564,38.58019,39.03123,39.03123
04/30/2026,19:51:00,43.789,43.99746,49.35411,45.99205,2735.962,2690.836,341.8557,77.73651,77.8167,38.58019,39.03123,39.03123
04/30/2026,19:52:00,43.789,43.99746,48.31901,45.42281,2708.333,2664.158,356.9364,75.96404,76.05179,38.58019,39.03123,39.03123
04/30/2026,19:53:00,43.789,43.99746,47.57512,44.27517,2676.873,2633.368,371.2366,74.15813,74.2273,38.58019,39.03123,39.03123
04/30/2026,19:54:00,43.789,43.99746,47.12694,44.20602,2654.453,2611.779,360.1072,73.5705,73.63917,38.58019,39.03123,39.03123
04/30/2026,19:55:00,43.789,43.99746,47.12694,44.20602,2671.021,2627.969,343.3416,74.4468,74.76038,38.58019,39.03123,39.03123
04/30/2026,19:56:00,43.789,43.99746,48.15236,44.20602,2714.604,2670.907,341.4301,76.44923,76.67435,38.58019,39.03123,39.03123
04/30/2026,19:57:00,43.789,43.99746,48.49732,44.82632,2745.007,2700.363,324.0203,78.20264,78.53458,38.58019,39.03123,39.03123
04/30/2026,19:58:00,43.789,43.99746,50.18009,46.77896,2782.649,2736.934,287.655,80.01855,80.28693,38.58019,39.03123,39.03123
04/30/2026,19:59:00,43.789,43.99746,50.7816,48.06625,2821.897,2775.182,280.7176,81.58541,81.93507,38.58019,39.03123,39.03123
04/30/2026,20:00:00,43.789,43.99746,50.7816,48.06625,2872.552,2824.712,296.5453,83.59639,83.92056,38.58019,39.03123,39.03123
04/30/2026,20:01:00,44.20592,44.13641,50.61696,47.56557,2913.458,2864.391,346.7257,85.08532,85.29466,38.71892,38.26787,38.23318
04/30/2026,20:02:00,44.20592,44.13641,49.84163,46.67471,2939.925,2889.975,367.1034,85.5948,85.83781,38.71892,38.26787,38.23318
04/30/2026,20:03:00,44.20592,44.13641,49.84163,46.25083,2984.808,2934,394.0962,86.71407,86.98144,38.71892,38.26787,38.23318
04/30/2026,20:04:00,44.20592,44.13641,49.78155,45.59659,3013.637,2961.871,399.8466,87.85567,88.08952,38.71892,38.26787,38.23318
04/30/2026,20:05:00,44.20592,44.13641,48.83198,45.59659,3028.602,2976.414,417.7808,87.98013,88.20905,38.71892,38.26787,38.23318
04/30/2026,20:06:00,44.20592,44.13641,48.83198,45.59659,3071.003,3018.045,454.6268,87.98013,88.20905,38.71892,38.26787,38.23318
04/30/2026,20:07:00,44.20592,44.55992,48.83198,45.59659,3092.33,3038.825,476.0998,87.98013,88.20905,38.71892,38.26787,38.23318
04/30/2026,20:08:00,44.20592,45.21405,48.83198,45.59659,3095.437,3042.104,479.6526,87.98013,88.20905,38.71892,38.26787,38.23318
04/30/2026,20:09:00,45.20671,45.21405,48.83198,45.59659,3126.204,3071.354,508.1813,87.88095,88.08723,38.71892,38.26787,38.23318
04/30/2026,20:10:00,45.24877,45.21405,48.83198,45.59659,3118.217,3063.847,517.7725,86.93513,87.06599,38.71892,38.26787,38.32872
04/30/2026,20:11:00,45.24877,45.21405,48.83198,45.59659,3112.331,3058.187,531.3701,85.63671,85.78619,38.71892,38.26787,38.98542
04/30/2026,20:12:00,45.24877,45.21405,48.83198,45.59659,3109.373,3055.29,539.481,84.92312,85.11021,38.71892,38.26787,39.20486
04/30/2026,20:13:00,45.24877,45.21405,48.83198,45.59659,3106.087,3051.931,545.299,84.49868,84.67291,38.88533,38.78088,39.2296
04/30/2026,20:14:00,45.24877,45.21405,48.83198,45.59659,3100.655,3046.628,552.9532,83.736,83.90589,39.76006,39.2741,39.17019
04/30/2026,20:15:00,45.24877,45.21405,48.83198,45.59659,3073.427,3020.004,546.5956,82.9356,83.09238,39.76006,39.2741,39.17019
04/30/2026,20:16:00,45.24877,45.21405,48.83198,45.59659,3004.481,2952.786,515.755,81.8126,81.9828,39.76006,39.2741,39.31628
04/30/2026,20:17:00,45.24877,45.21405,48.83198,45.59659,2958.792,2908.644,494.6241,80.83551,80.97797,39.76006,39.2741,39.51711
04/30/2026,20:18:00,45.24877,45.21405,48.83198,45.59659,2911.835,2862.409,477.8666,79.80391,79.94292,39.76006,39.2741,39.51711
04/30/2026,20:19:00,45.24877,45.21405,48.83198,45.59659,2850.795,2803.411,447.281,78.71021,78.85471,39.76006,39.2741,39.51711
04/30/2026,20:20:00,45.24877,45.21405,48.83198,45.59659,2825.549,2778.809,442.7069,77.75468,77.87416,39.76006,39.2741,39.51711
04/30/2026,20:21:00,45.24877,45.21405,48.83198,45.59659,2790.43,2744.66,426.2466,76.96825,77.09229,39.76006,39.2741,39.51711
04/30/2026,20:22:00,45.24877,45.21405,48.83198,45.59659,2785.448,2739.43,433.7806,76.25506,76.41434,39.76006,39.2741,39.51711
04/30/2026,20:23:00,45.24877,45.21405,47.86512,45.59659,2757.524,2712.112,425.9986,75.43865,75.516,39.76006,39.2741,39.51711
04/30/2026,20:24:00,45.24877,45.21405,47.78804,45.59659,2742.848,2698.022,426.47,74.69203,74.81291,39.76006,39.2741,39.51711
04/30/2026,20:25:00,45.24877,45.21405,47.78804,45.59659,2739.753,2694.864,433.4974,74.01785,74.22409,39.76006,39.2741,39.51711
04/30/2026,20:26:00,45.11687,45.21405,47.78804,45.59659,2692.918,2649.084,415.0537,73.02153,73.13639,39.76006,39.2741,39.51711
04/30/2026,20:27:00,44.20605,44.31402,47.78804,45.59659,2658.343,2615.903,406.4829,71.8176,71.94331,39.76006,39.2741,39.51711
04/30/2026,20:28:00,44.20605,44.20599,47.78804,45.55307,2652.977,2610.947,415.4964,71.14919,71.22555,39.76006,39.2741,39.51711
04/30/2026,20:29:00,44.20605,44.20599,47.78804,44.58841,2646.231,2604.269,414.3025,70.77888,70.96097,39.76006,39.2741,39.51711
04/30/2026,20:30:00,44.20605,44.20599,47.78804,44.58841,2620.801,2579.546,390.7755,70.76642,70.96097,39.76006,39.2741,39.51711
04/30/2026,20:31:00,44.20605,44.20599,47.78804,44.58841,2624.392,2582.867,386.2264,70.79638,71.01546,39.76006,39.2741,39.51711
04/30/2026,20:32:00,44.20605,44.20599,47.78804,44.58841,2625.785,2584.182,384.6096,71.08685,71.26999,39.76006,39.2741,39.51711
04/30/2026,20:33:00,44.20605,44.20599,47.78804,44.58841,2626.853,2585.247,384.2259,71.08685,71.26999,39.76006,39.2741,39.51711
04/30/2026,20:34:00,44.20605,44.20599,47.78804,44.58841,2628.681,2586.946,380.8949,71.16473,71.38113,39.76006,39.2741,39.51711
04/30/2026,20:35:00,44.20605,44.20599,47.78804,44.58841,2630.306,2588.775,378.4858,71.40732,71.57901,39.76006,39.2741,39.51711
04/30/2026,20:36:00,44.20605,44.20599,47.78804,44.58841,2655.276,2613.026,393.0454,71.69379,71.86042,39.76006,39.2741,39.51711
04/30/2026,20:37:00,44.20605,44.20599,47.78804,44.58841,2670.273,2627.797,406.8805,71.83078,71.93381,39.76006,39.2741,39.51711
04/30/2026,20:38:00,44.20605,44.20599,47.78804,44.58841,2722.306,2678.45,446.1271,71.83078,71.93381,39.76006,39.2741,39.51711
04/30/2026,20:39:00,44.20605,44.20599,47.78804,44.58841,2725.473,2681.066,450.1477,71.83078,71.93381,39.76006,39.2741,39.51711
04/30/2026,20:40:00,44.20605,44.20599,47.78804,44.58841,2726.69,2682.492,446.629,71.85629,72.0501,39.76006,39.2741,39.51711
04/30/2026,20:41:00,44.20605,44.20599,47.78804,44.58841,2729.801,2685.695,441.9996,72.24864,72.46264,39.76006,39.2741,39.51711
04/30/2026,20:42:00,44.20605,44.20599,47.78804,44.58841,2736.222,2692.136,431.5671,73.16271,73.38942,39.76006,39.2741,39.51711
04/30/2026,20:43:00,44.20605,44.20599,47.78804,44.58841,2744.26,2699.283,423.3568,74.04817,74.21147,39.76006,39.2741,39.51711
04/30/2026,20:44:00,44.20605,44.20599,47.78804,44.58841,2747.234,2702.524,417.7238,74.75958,75.04631,39.76006,39.2741,39.51711
04/30/2026,20:45:00,44.20605,44.20599,47.78804,44.58841,2757.612,2713.249,413.5241,75.73318,76.02441,39.76006,39.2741,39.51711
04/30/2026,20:46:00,44.20605,44.20599,47.78804,44.58841,2832,2785.44,448.6269,77.30424,77.6257,39.76006,39.2741,39.51711
04/30/2026,20:47:00,44.20605,44.20599,47.78804,44.58841,2886.941,2838.846,466.5599,78.82343,79.12876,39.76006,39.2741,39.51711
04/30/2026,20:48:00,44.20605,44.20599,47.78804,44.58841,2922.365,2872.744,470.8927,80.31145,80.62055,39.76006,39.2741,39.51711
04/30/2026,20:49:00,44.20605,44.20599,47.78804,44.58841,2918.877,2869.72,460.215,81.11816,81.40212,39.76006,39.2741,39.51711
04/30/2026,20:50:00,44.20605,44.20599,47.78804,44.58841,2928.263,2878.947,458.426,81.79095,81.97862,39.76006,39.2741,39.51711
04/30/2026,20:51:00,44.20605,44.20599,47.78804,44.58841,3003.639,2953.054,496.3167,82.64978,83.03203,39.76006,39.2741,39.51711
04/30/2026,20:52:00,45.00646,45.20173,47.78804,45.36307,3101.179,3047.426,550.1334,83.64552,83.98747,39.76006,39.2741,39.51711
04/30/2026,20:53:00,45.28356,45.38787,47.78804,45.63126,3170.971,3115.816,582.5958,84.29766,84.61515,39.76006,39.2741,39.51711
04/30/2026,20:54:00,45.64558,45.86625,47.79778,45.63126,3356.577,3296.904,680.5659,84.98148,85.3455,39.76006,39.2741,39.51711
04/30/2026,20:55:00,46.29198,46.43121,48.83186,45.63126,3283.061,3223.883,635.2853,85.57535,85.69434,39.76006,39.2741,39.51711
04/30/2026,20:56:00,46.29198,46.43121,48.83186,45.63126,3245.596,3187.992,599.935,86.25415,86.56742,39.76006,39.2741,39.51711
04/30/2026,20:57:00,46.29198,46.43121,48.83186,46.21201,3225.021,3168.171,571.7273,87.3983,87.75955,39.76006,39.2741,39.66811
04/30/2026,20:58:00,46.29198,46.43121,48.83186,46.6398,3233.33,3176.67,558.0334,88.92775,89.24576,39.76006,39.2741,39.58657
04/30/2026,20:59:00,46.29198,46.43121,48.83186,46.6398,3238.466,3181.582,549.9509,89.82304,90.10918,39.76006,39.2741,39.58657
04/30/2026,21:00:00,46.29198,46.43121,48.83186,46.6398,3239.889,3182.502,545.4377,90.17304,90.44167,39.76006,39.2741,39.58657
04/30/2026,21:01:00,46.43115,46.53548,49.4585,46.95291,3242.776,3185.631,540.0419,90.69081,90.93944,40.14188,39.69064,39.69064
04/30/2026,21:02:00,46.43115,46.53548,49.4585,46.95291,3246.378,3189.263,531.8383,91.35231,91.63148,40.14188,39.69064,39.69064
04/30/2026,21:03:00,46.43115,46.53548,49.4585,46.95291,3251.869,3194.531,524.9105,92.06748,92.31993,40.14188,39.69064,39.69064
04/30/2026,21:04:00,46.43115,46.53548,49.4585,46.95291,3389.057,3329.007,595.9803,93.06634,93.38437,40.14188,39.69064,39.69064
04/30/2026,21:05:00,46.87156,47.12003,49.4585,47.33388,3622.256,3555.271,733.846,93.80312,94.08625,40.14188,39.69064,39.69064
04/30/2026,21:06:00,47.71826,47.8575,49.4585,48.06631,3653.228,3584.944,760.487,93.88593,94.23175,40.14188,39.69064,39.69064
04/30/2026,21:07:00,47.71826,47.8575,49.4585,48.06631,3656.792,3588.661,760.5255,93.88593,94.02328,40.14188,39.69064,39.69064
04/30/2026,21:08:00,47.71826,47.8575,49.4585,48.06631,3631.697,3563.466,751.2033,93.42127,93.67902,40.14188,39.69064,39.69064
04/30/2026,21:09:00,47.71826,47.8575,49.4585,48.06631,3495.924,3430.612,683.1539,92.32575,92.52036,40.14188,39.69064,39.69064
04/30/2026,21:10:00,47.71826,47.8575,49.4585,48.06631,3347.974,3287.444,605.3143,91.16324,91.2904,40.14188,39.69064,39.69064
04/30/2026,21:11:00,47.71826,47.8575,49.4585,48.06631,3347.773,3288.033,596.5916,91.24805,91.48875,40.14188,39.69064,39.69064
04/30/2026,21:12:00,47.71826,47.8575,49.4585,48.06631,3350.481,3291.007,589.438,91.7089,91.92892,40.14188,39.69064,39.69064
04/30/2026,21:13:00,47.71826,47.8575,49.4585,48.06631,3351.09,3291.379,586.022,91.90608,92.13721,40.14188,39.69064,39.69064
04/30/2026,21:14:00,47.71826,47.8575,49.4585,48.06631,3354.079,3294.062,577.0952,92.43262,92.7551,40.14188,39.69064,39.69064
04/30/2026,21:15:00,47.71826,47.8575,49.4585,48.06631,3356.638,3296.142,572.6785,92.99322,93.26383,40.14188,39.69064,39.69064
04/30/2026,21:16:00,47.71826,47.8575,49.4585,48.06631,3492.196,3429.245,639.6527,94.17147,94.50385,40.14188,39.69064,39.69064
04/30/2026,21:17:00,47.71826,47.8575,49.4585,48.06631,3519.779,3455.561,642.7254,95.56805,95.89042,40.14188,39.69064,39.69064
04/30/2026,21:18:00,47.71826,47.8575,49.4585,48.06631,3622.063,3554.976,686.698,97.24561,97.57365,40.14188,39.69064,39.69064
04/30/2026,21:19:00,47.71826,47.8575,50.47903,48.06631,3645.841,3577.624,681.2471,99.22337,99.60236,40.14188,39.69064,39.69064
04/30/2026,21:20:00,47.71826,47.8575,50.50305,48.06631,3715.144,3645.15,701.7997,101.2196,101.5333,40.14188,39.69064,39.69064
04/30/2026,21:21:00,48.34094,48.54042,50.50305,48.70907,3858.805,3785.267,761.7123,103.4628,103.7887,40.14188,39.69064,39.69064
04/30/2026,21:22:00,48.79712,49.04073,50.50305,49.17996,3921.099,3844.485,784.4811,105.1149,105.4438,40.14188,39.69064,39.69064
04/30/2026,21:23:00,48.79712,49.04073,51.41415,49.17996,3925.807,3849.372,765.9261,107.3106,107.7362,40.14188,39.69064,39.69064
04/30/2026,21:24:00,48.79712,49.04073,51.58276,49.17996,3817.107,3741.242,680.1268,109.7922,110.106,40.14188,39.69064,39.69064
04/30/2026,21:25:00,48.79712,49.04073,53.26043,51.02303,3449.146,3385.507,412.0294,108.0193,108.0185,40.14188,39.69064,39.69064
04/30/2026,21:26:00,48.79712,48.25649,54.39174,53.42291,3387.826,3326.118,328.4052,105.7442,105.7924,40.14188,39.69064,39.69064
04/30/2026,21:27:00,48.79712,47.96199,55.06824,55.37517,3379.625,3318.244,305.921,105.5144,105.5945,40.14188,39.69064,39.69064
04/30/2026,21:28:00,48.79712,47.96199,55.06824,55.52163,3380.043,3318.931,307.6541,105.2227,105.3465,40.14188,39.69064,39.69064
04/30/2026,21:29:00,47.81218,47.96199,54.20873,53.85955,3405.824,3344.086,336.4201,106.0655,106.4035,40.14188,39.69064,39.69064
04/30/2026,21:30:00,46.43706,46.36053,52.71125,51.85252,2429.284,2386.25,232.6219,73.8415,70.24494,40.14188,39.69064,39.69064
04/30/2026,21:31:00,43.77718,43.58871,48.2278,45.8773,1784.101,1758.126,223.187,48.19786,47.57765,40.14188,39.69064,39.69064
04/30/2026,21:32:00,42.02077,41.7321,45.99789,44.73882,1052.69,1038.79,176.9924,32.52678,32.27955,40.14188,39.69064,39.69064
04/30/2026,21:33:00,41.07947,40.69747,44.97083,44.55362,967.3403,955.5551,171.4595,30.70779,30.92525,40.14188,39.69064,39.69064
04/30/2026,21:34:00,40.5148,40.20132,43.99036,44.01981,970.6198,958.8517,171.5076,30.70779,30.92525,40.14188,39.69064,39.69064
04/30/2026,21:35:00,39.93372,39.69075,43.89319,43.30252,971.2439,959.3524,171.0987,30.70779,30.92525,39.9473,39.48267,39.29752
04/30/2026,21:36:00,39.93372,39.59866,43.34366,43.30252,972.4877,960.4029,170.7883,30.70779,30.92525,39.13541,38.61496,38.54562
04/30/2026,21:37:00,39.05722,38.68428,41.85982,42.18143,455.2996,445.8823,77.68468,13.13448,11.84092,39.13541,38.61496,38.54562
04/30/2026,21:38:00,38.75378,38.68428,40.14169,40.31558,31.13256,28.15038,37.74663,5.619276,5.670961,39.13541,38.61496,38.54562
04/30/2026,21:39:00,38.75378,38.68428,39.81908,39.98977,0,0,42.56708,5.207637,5.459435,38.32768,38.15915,37.90509
04/30/2026,21:40:00,38.40924,37.99738,39.03137,39.20486,0,0,44.03905,5.207637,5.209333,38.09452,37.53952,37.43551
04/30/2026,21:41:00,37.64355,37.64351,38.82289,38.92624,0,0,43.14955,5.207637,5.150414,38.09452,37.53952,37.43551
04/30/2026,21:42:00,37.64355,37.64351,37.95581,38.05984,0,0,42.99672,5.207637,5.150414,37.38417,37.1993,36.88739
04/30/2026,21:43:00,37.02555,36.66345,37.81113,38.05984,0,0,42.99672,5.207637,5.150414,37.01933,36.49911,36.39511
04/30/2026,21:44:00,36.60315,36.60311,36.94995,37.17101,0,0,42.99672,5.207637,5.150414,37.01933,36.49911,36.39511
04/30/2026,21:45:00,36.60315,36.60311,36.94995,36.98465,0,0,43.27069,5.207637,5.150414,36.75758,36.2543,35.95066
04/30/2026,21:46:00,36.03654,35.64849,36.88736,36.90187,0,0,44.18296,5.207637,5.150414,35.94437,35.49374,35.35507
04/30/2026,21:47:00,35.52832,35.49373,35.90967,35.90969,0,0,43.15063,5.207637,5.150414,35.94437,35.49374,35.35507
04/30/2026,21:48:00,35.52832,35.49373,35.90967,35.90969,0,0,42.34737,5.207637,5.150414,35.94437,35.49374,35.35507
04/30/2026,21:49:00,35.52832,35.49373,35.90967,35.90969,0,0,42.34737,5.207637,5.150414,35.94437,35.49374,35.35507
04/30/2026,21:50:00,35.52832,35.08457,35.90967,35.26365,0,0,42.34737,5.207637,5.150414,35.46653,34.69634,34.68682
04/30/2026,21:51:00,34.79007,34.45394,34.92816,34.90445,0,0,42.34737,5.207637,5.150414,34.90446,34.48861,34.31527
04/30/2026,21:52:00,34.48853,34.45394,34.86975,34.90445,0,0,42.34737,5.207637,5.150414,34.90446,34.48861,34.31527
04/30/2026,21:53:00,34.48853,34.45394,34.86975,34.90445,0,0,42.34737,5.207637,5.150414,34.90446,34.48861,34.31527
04/30/2026,21:54:00,34.48853,34.45394,34.86975,34.90445,0,0,42.34737,5.207637,5.150414,34.90446,34.48861,34.31527
04/30/2026,21:55:00,34.48853,34.45394,34.86975,34.90445,0,0,42.84585,5.207637,5.150414,34.90446,34.48861,34.31527
04/30/2026,21:56:00,34.48853,34.45394,34.86975,34.90445,0,0,43.16592,5.207637,5.150414,34.90446,34.48861,34.31527
04/30/2026,21:57:00,34.48853,34.45394,34.39138,34.09116,0,0,43.66014,5.207637,5.150414,34.90446,34.48861,34.31527
04/30/2026,21:58:00,34.48853,33.62317,33.8302,33.89956,0,0,43.82402,5.207637,5.150414,34.90446,34.48861,34.31527
04/30/2026,21:59:00,34.48853,33.44918,33.8302,33.89956,0,0,44.29903,5.207637,5.150414,34.90446,34.29433,34.31527
04/30/2026,22:00:00,34.48853,33.44918,33.8302,33.89956,0,0,44.29903,5.207637,5.150414,34.90446,33.48373,34.31527
04/30/2026,22:01:00,33.5876,33.31047,33.5876,33.51831,0,0,44.40856,5.024493,5.127501,34.00335,33.44902,33.37975
04/30/2026,22:02:00,33.5876,33.31047,33.5876,33.51831,0,0,45.19211,5.024493,5.127501,34.00335,33.44902,33.37975
04/30/2026,22:03:00,33.5876,33.31047,33.5876,33.51831,0,0,45.55096,5.024493,5.127501,34.00335,33.44902,33.37975
04/30/2026,22:04:00,33.5876,33.31047,33.5876,33.51831,0,0,45.55096,5.024493,5.127501,34.00335,33.44902,33.37975
04/30/2026,22:05:00,33.5876,33.31047,33.5876,33.51831,0,0,45.55096,5.024493,5.127501,34.00335,33.44902,33.37975
04/30/2026,22:06:00,33.5876,33.31047,33.5876,33.51831,0,0,45.55096,5.024493,5.127501,34.00335,33.44902,33.37975
04/30/2026,22:07:00,33.5876,33.31047,33.5876,33.51831,0,0,45.55096,5.024493,5.127501,34.00335,33.44902,33.37975
04/30/2026,22:08:00,33.5876,33.31047,33.5876,33.51831,0,0,45.26183,5.024493,5.127501,34.00335,33.44902,33.37975
04/30/2026,22:09:00,33.5876,33.31047,33.5876,33.51831,0,0,43.89204,5.024493,5.127501,34.00335,33.44902,33.37975
04/30/2026,22:10:00,33.5876,33.31047,33.5876,33.51831,0,0,42.30368,5.024493,5.127501,34.00335,33.44902,33.37975
04/30/2026,22:11:00,33.5876,33.31047,33.5876,33.51831,0,0,41.70205,5.024493,5.127501,34.00335,33.44902,33.37975
04/30/2026,22:12:00,33.5876,33.31047,33.5876,33.51831,0,0,41.70205,5.024493,5.127501,34.00335,33.44902,33.37975
04/30/2026,22:13:00,33.5876,33.31047,33.5876,33.51831,0,0,41.70205,5.024493,5.127501,34.00335,33.44902,33.37975
04/30/2026,22:14:00,33.5876,33.31047,33.5876,33.51831,0,0,41.70205,5.024493,5.127501,34.00335,33.44902,33.37975
04/30/2026,22:15:00,33.5876,33.31047,33.5876,33.51831,0,0,41.79753,5.024493,5.127501,34.00335,33.44902,33.37975
04/30/2026,22:16:00,33.5876,33.31047,33.5876,33.51831,0,0,43.98157,5.024493,5.127501,34.00335,33.44902,33.37975
04/30/2026,22:17:00,33.5876,33.31047,33.5876,33.51831,0,0,44.77322,5.024493,5.127501,34.00335,33.44902,33.37975
04/30/2026,22:18:00,33.5876,33.31047,33.5876,33.51831,0,0,46.18172,5.024493,5.127501,34.00335,33.44902,33.37975
04/30/2026,22:19:00,33.5876,33.31047,33.5876,33.51831,0,0,46.78299,5.024493,5.127501,34.00335,33.44902,33.37975
04/30/2026,22:20:00,33.5876,33.31047,33.5876,33.51831,0,0,47.21532,5.024493,5.127501,34.00335,33.44902,33.37975
04/30/2026,22:21:00,33.5876,33.31047,33.5876,33.51831,0,0,47.38055,5.024493,5.127501,34.00335,33.44902,33.37975
04/30/2026,22:22:00,33.5876,33.31047,33.5876,33.51831,0,0,46.10157,5.024493,5.127501,34.00335,33.44902,33.37975
04/30/2026,22:23:00,33.5876,33.31047,33.5876,33.51831,0,0,44.95141,5.024493,5.127501,34.00335,33.44902,33.37975
04/30/2026,22:24:00,33.5876,33.31047,33.5876,33.51831,0,0,44.50877,5.024493,5.127501,34.00335,33.44902,33.37975
04/30/2026,22:25:00,33.5876,33.31047,33.5876,33.51831,0,0,44.32489,5.024493,5.127501,34.00335,33.44902,33.37975
04/30/2026,22:26:00,33.5876,33.31047,33.5876,33.51831,0,0,44.32489,5.024493,5.127501,34.00335,33.44902,33.37975
04/30/2026,22:27:00,33.5876,33.31047,33.5876,33.51831,0,0,44.32489,5.024493,5.127501,34.00335,33.44902,33.37975
04/30/2026,22:28:00,33.5876,33.31047,33.5876,33.51831,0,0,44.32489,5.024493,5.127501,34.00335,33.44902,33.37975
04/30/2026,22:29:00,33.5876,33.31047,33.5876,33.51831,0,0,44.32489,5.024493,5.127501,34.00335,33.44902,33.37975
04/30/2026,22:30:00,33.5876,33.31047,33.5876,33.51831,0,0,44.32489,5.024493,5.127501,34.00335,33.44902,33.37975
